path,prediction,ground_truth,confidence,bucket
/content/water_hyacinth_project/dataset/classification/non_water_hyacinth/_145_IMG_20230923_100744.jpg,non_water_hyacinth,non_water_hyacinth,0.9990719556808472,correct_predictions
/content/water_hyacinth_project/dataset/classification/non_water_hyacinth/_67_IMG_20230923_110950.jpg,non_water_hyacinth,non_water_hyacinth,0.9999644160270691,correct_predictions
/content/water_hyacinth_project/dataset/classification/non_water_hyacinth/_213_20230818_113353.jpg,non_water_hyacinth,non_water_hyacinth,0.9999997019767761,correct_predictions
/content/water_hyacinth_project/dataset/classification/non_water_hyacinth/_13_augmented_image_218.jpg,non_water_hyacinth,non_water_hyacinth,0.9999386668205261,correct_predictions
/content/water_hyacinth_project/dataset/classification/non_water_hyacinth/_90_IMG_20230923_100743.jpg,non_water_hyacinth,non_water_hyacinth,0.9996256828308105,correct_predictions
/content/water_hyacinth_project/dataset/classification/non_water_hyacinth/_294_IMG_20230814_174203.jpg,non_water_hyacinth,non_water_hyacinth,0.9999896287918091,correct_predictions
/content/water_hyacinth_project/dataset/classification/non_water_hyacinth/_904_augmented_image_827.jpg,non_water_hyacinth,non_water_hyacinth,0.9999969005584717,correct_predictions
/content/water_hyacinth_project/dataset/classification/non_water_hyacinth/_471_IMG_20230923_101602.jpg,non_water_hyacinth,non_water_hyacinth,0.9984599947929382,correct_predictions
/content/water_hyacinth_project/dataset/classification/water_hyacinth/_1223_augmented_image_180.jpg,water_hyacinth,water_hyacinth,0.9998472929000854,correct_predictions
/content/water_hyacinth_project/dataset/classification/non_water_hyacinth/_410_IMG_20230923_110138.jpg,non_water_hyacinth,non_water_hyacinth,0.9999973177909851,correct_predictions
/content/water_hyacinth_project/dataset/classification/non_water_hyacinth/_369_IMG_20230923_103403.jpg,non_water_hyacinth,non_water_hyacinth,0.9993681907653809,correct_predictions
/content/water_hyacinth_project/dataset/classification/water_hyacinth/_1457_augmented_image_534.jpg,water_hyacinth,water_hyacinth,0.9997401237487793,correct_predictions
/content/water_hyacinth_project/dataset/classification/non_water_hyacinth/_27_IMG_20230923_105859.jpg,non_water_hyacinth,non_water_hyacinth,0.9999186396598816,correct_predictions
/content/water_hyacinth_project/dataset/classification/non_water_hyacinth/_391_augmented_image_206.jpg,non_water_hyacinth,non_water_hyacinth,0.9999953508377075,correct_predictions
/content/water_hyacinth_project/dataset/classification/non_water_hyacinth/_312_IMG_20230814_202643.jpg,non_water_hyacinth,non_water_hyacinth,1.0,correct_predictions
/content/water_hyacinth_project/dataset/classification/non_water_hyacinth/_53_20230818_113908.jpg,non_water_hyacinth,non_water_hyacinth,0.999971866607666,correct_predictions
/content/water_hyacinth_project/dataset/classification/non_water_hyacinth/_108_IMG_20230926_173219.jpg,non_water_hyacinth,non_water_hyacinth,1.0,correct_predictions
/content/water_hyacinth_project/dataset/classification/water_hyacinth/_109_IMG_20230814_210243.jpg,water_hyacinth,water_hyacinth,0.9988406896591187,correct_predictions
/content/water_hyacinth_project/dataset/classification/non_water_hyacinth/_321_augmented_image_408.jpg,non_water_hyacinth,non_water_hyacinth,0.9999763369560242,correct_predictions
/content/water_hyacinth_project/dataset/classification/non_water_hyacinth/_182_IMG_20230811_165254.jpg,non_water_hyacinth,non_water_hyacinth,1.0,correct_predictions
/content/water_hyacinth_project/dataset/classification/non_water_hyacinth/_307_20230818_114711.jpg,non_water_hyacinth,non_water_hyacinth,0.9999978542327881,correct_predictions
/content/water_hyacinth_project/dataset/classification/non_water_hyacinth/_503_augmented_image_752.jpg,non_water_hyacinth,non_water_hyacinth,0.9999610781669617,correct_predictions
/content/water_hyacinth_project/dataset/classification/non_water_hyacinth/_420_IMG_20230923_110309.jpg,non_water_hyacinth,non_water_hyacinth,0.998834490776062,correct_predictions
/content/water_hyacinth_project/dataset/classification/non_water_hyacinth/_77_augmented_image_1005.jpg,non_water_hyacinth,non_water_hyacinth,0.9999720454216003,correct_predictions
/content/water_hyacinth_project/dataset/classification/non_water_hyacinth/_379_IMG_20230923_111549_1.jpg,non_water_hyacinth,non_water_hyacinth,0.9999958872795105,correct_predictions
/content/water_hyacinth_project/dataset/classification/non_water_hyacinth/_76_20230818_115149.jpg,non_water_hyacinth,non_water_hyacinth,0.9999289512634277,correct_predictions
/content/water_hyacinth_project/dataset/classification/water_hyacinth/_612_augmented_image_182.jpg,water_hyacinth,water_hyacinth,0.9995056986808777,correct_predictions
/content/water_hyacinth_project/dataset/classification/water_hyacinth/_537_augmented_image_753.jpg,water_hyacinth,water_hyacinth,0.9894521236419678,correct_predictions
/content/water_hyacinth_project/dataset/classification/non_water_hyacinth/_559_augmented_image_107.jpg,non_water_hyacinth,non_water_hyacinth,1.0,correct_predictions
/content/water_hyacinth_project/dataset/classification/water_hyacinth/_77_augmented_image_822.jpg,water_hyacinth,water_hyacinth,0.9999333620071411,correct_predictions
/content/water_hyacinth_project/dataset/classification/water_hyacinth/_662_augmented_image_819.jpg,water_hyacinth,water_hyacinth,0.9526452422142029,correct_predictions
/content/water_hyacinth_project/dataset/classification/water_hyacinth/_827_augmented_image_502.jpg,water_hyacinth,water_hyacinth,0.9999892115592957,correct_predictions
/content/water_hyacinth_project/dataset/classification/non_water_hyacinth/_86_IMG_20230814_203608.jpg,non_water_hyacinth,non_water_hyacinth,1.0,correct_predictions
/content/water_hyacinth_project/dataset/classification/non_water_hyacinth/_9_IMG_20230923_100453.jpg,non_water_hyacinth,non_water_hyacinth,0.9999929666519165,correct_predictions
/content/water_hyacinth_project/dataset/classification/water_hyacinth/_244_IMG_20230811_165449.jpg,water_hyacinth,water_hyacinth,0.9402078986167908,correct_predictions
/content/water_hyacinth_project/dataset/classification/non_water_hyacinth/_388_IMG_20230923_110125.jpg,non_water_hyacinth,non_water_hyacinth,0.9997411966323853,correct_predictions
/content/water_hyacinth_project/dataset/classification/water_hyacinth/_4575_IMG_20230814_210630.jpg,water_hyacinth,water_hyacinth,1.0,correct_predictions
/content/water_hyacinth_project/dataset/classification/non_water_hyacinth/_178_20230818_114830.jpg,non_water_hyacinth,non_water_hyacinth,0.9999982714653015,correct_predictions
/content/water_hyacinth_project/dataset/classification/non_water_hyacinth/_62_augmented_image_306.jpg,non_water_hyacinth,non_water_hyacinth,1.0,correct_predictions
/content/water_hyacinth_project/dataset/classification/water_hyacinth/_110_IMG_20230814_210056.jpg,water_hyacinth,water_hyacinth,0.8232347369194031,correct_predictions
/content/water_hyacinth_project/dataset/classification/non_water_hyacinth/_82_IMG_20230811_165140.jpg,non_water_hyacinth,non_water_hyacinth,0.9999959468841553,correct_predictions
/content/water_hyacinth_project/dataset/classification/non_water_hyacinth/_756_augmented_image_828.jpg,non_water_hyacinth,non_water_hyacinth,0.9999998807907104,correct_predictions
/content/water_hyacinth_project/dataset/classification/non_water_hyacinth/_522_augmented_image_611.jpg,non_water_hyacinth,non_water_hyacinth,0.9999813437461853,correct_predictions
/content/water_hyacinth_project/dataset/classification/non_water_hyacinth/_896_augmented_image_358.jpg,non_water_hyacinth,non_water_hyacinth,0.9999997019767761,correct_predictions
/content/water_hyacinth_project/dataset/classification/non_water_hyacinth/_752_augmented_image_313.jpg,non_water_hyacinth,non_water_hyacinth,0.9981500506401062,correct_predictions
/content/water_hyacinth_project/dataset/classification/non_water_hyacinth/_61_IMG_20230811_165509.jpg,non_water_hyacinth,non_water_hyacinth,0.9999985098838806,correct_predictions
/content/water_hyacinth_project/dataset/classification/non_water_hyacinth/_432_IMG_20230923_111837.jpg,non_water_hyacinth,non_water_hyacinth,1.0,correct_predictions
/content/water_hyacinth_project/dataset/classification/water_hyacinth/_1694_augmented_image_519.jpg,water_hyacinth,water_hyacinth,1.0,correct_predictions
/content/water_hyacinth_project/dataset/classification/non_water_hyacinth/_249_IMG_20230811_165324_1.jpg,non_water_hyacinth,non_water_hyacinth,0.9999979734420776,correct_predictions
/content/water_hyacinth_project/dataset/classification/non_water_hyacinth/_382_IMG_20230923_101617.jpg,non_water_hyacinth,non_water_hyacinth,0.9997667074203491,correct_predictions
/content/water_hyacinth_project/dataset/classification/non_water_hyacinth/_191_20230818_115001.jpg,non_water_hyacinth,non_water_hyacinth,0.9999670386314392,correct_predictions
/content/water_hyacinth_project/dataset/classification/non_water_hyacinth/_161_IMG_20230923_100341.jpg,non_water_hyacinth,non_water_hyacinth,0.9999856352806091,correct_predictions
/content/water_hyacinth_project/dataset/classification/non_water_hyacinth/_249_20230812_113900.jpg,non_water_hyacinth,non_water_hyacinth,0.9999303817749023,correct_predictions
/content/water_hyacinth_project/dataset/classification/non_water_hyacinth/_815_augmented_image_196.jpg,non_water_hyacinth,non_water_hyacinth,0.999699592590332,correct_predictions
/content/water_hyacinth_project/dataset/classification/water_hyacinth/_4748_20230812_114934 Background Removed.jpg,water_hyacinth,water_hyacinth,0.9992052912712097,correct_predictions
/content/water_hyacinth_project/dataset/classification/water_hyacinth/_561_augmented_image_924.jpg,water_hyacinth,water_hyacinth,0.9999622106552124,correct_predictions
/content/water_hyacinth_project/dataset/classification/non_water_hyacinth/_104_augmented_image_99.jpg,non_water_hyacinth,non_water_hyacinth,0.999998927116394,correct_predictions
/content/water_hyacinth_project/dataset/classification/water_hyacinth/_1211_augmented_image_591.jpg,water_hyacinth,water_hyacinth,0.9999947547912598,correct_predictions
/content/water_hyacinth_project/dataset/classification/water_hyacinth/_1087_augmented_image_748.jpg,water_hyacinth,water_hyacinth,0.9999995231628418,correct_predictions
/content/water_hyacinth_project/dataset/classification/non_water_hyacinth/_367_augmented_image_599.jpg,non_water_hyacinth,non_water_hyacinth,0.9999947547912598,correct_predictions
/content/water_hyacinth_project/dataset/classification/water_hyacinth/_639_augmented_image_674.jpg,water_hyacinth,water_hyacinth,1.0,correct_predictions
/content/water_hyacinth_project/dataset/classification/water_hyacinth/_775_augmented_image_764.jpg,water_hyacinth,water_hyacinth,0.9999977946281433,correct_predictions
/content/water_hyacinth_project/dataset/classification/non_water_hyacinth/_207_20230818_115038.jpg,non_water_hyacinth,non_water_hyacinth,0.9999990463256836,correct_predictions
/content/water_hyacinth_project/dataset/classification/non_water_hyacinth/_279_augmented_image_27.jpg,non_water_hyacinth,non_water_hyacinth,0.9999815225601196,correct_predictions
/content/water_hyacinth_project/dataset/classification/non_water_hyacinth/_326_augmented_image_44.jpg,non_water_hyacinth,non_water_hyacinth,0.9999910593032837,correct_predictions
/content/water_hyacinth_project/dataset/classification/non_water_hyacinth/_183_IMG_20230814_204746.jpg,non_water_hyacinth,non_water_hyacinth,0.9999985694885254,correct_predictions
/content/water_hyacinth_project/dataset/classification/non_water_hyacinth/_254_IMG_20230923_100917.jpg,non_water_hyacinth,non_water_hyacinth,0.9999157190322876,correct_predictions
/content/water_hyacinth_project/dataset/classification/non_water_hyacinth/_21_20230818_115002.jpg,non_water_hyacinth,non_water_hyacinth,0.9999818205833435,correct_predictions
/content/water_hyacinth_project/dataset/classification/non_water_hyacinth/_172_IMG_20230923_110121.jpg,non_water_hyacinth,non_water_hyacinth,0.9998645782470703,correct_predictions
/content/water_hyacinth_project/dataset/classification/water_hyacinth/_1610_augmented_image_807.jpg,water_hyacinth,water_hyacinth,1.0,correct_predictions
/content/water_hyacinth_project/dataset/classification/non_water_hyacinth/_921_augmented_image_297.jpg,non_water_hyacinth,non_water_hyacinth,0.9999289512634277,correct_predictions
/content/water_hyacinth_project/dataset/classification/water_hyacinth/_866_augmented_image_517.jpg,water_hyacinth,water_hyacinth,1.0,correct_predictions
/content/water_hyacinth_project/dataset/classification/non_water_hyacinth/_773_augmented_image_20.jpg,non_water_hyacinth,non_water_hyacinth,0.9999780654907227,correct_predictions
/content/water_hyacinth_project/dataset/classification/non_water_hyacinth/_886_augmented_image_320.jpg,non_water_hyacinth,non_water_hyacinth,1.0,correct_predictions
/content/water_hyacinth_project/dataset/classification/non_water_hyacinth/_227_IMG_20230926_173043.jpg,non_water_hyacinth,non_water_hyacinth,0.9998135566711426,correct_predictions
/content/water_hyacinth_project/dataset/classification/non_water_hyacinth/_666_augmented_image_858.jpg,non_water_hyacinth,non_water_hyacinth,1.0,correct_predictions
/content/water_hyacinth_project/dataset/classification/non_water_hyacinth/_644_augmented_image_967.jpg,non_water_hyacinth,non_water_hyacinth,0.9999801516532898,correct_predictions
/content/water_hyacinth_project/dataset/classification/non_water_hyacinth/_426_augmented_image_336.jpg,non_water_hyacinth,non_water_hyacinth,1.0,correct_predictions
/content/water_hyacinth_project/dataset/classification/water_hyacinth/_59_augmented_image_654.jpg,water_hyacinth,water_hyacinth,0.999961256980896,correct_predictions
/content/water_hyacinth_project/dataset/classification/non_water_hyacinth/_375_augmented_image_849.jpg,non_water_hyacinth,non_water_hyacinth,0.999984622001648,correct_predictions
/content/water_hyacinth_project/dataset/classification/non_water_hyacinth/_129_IMG_20230926_173134.jpg,non_water_hyacinth,non_water_hyacinth,0.9999979734420776,correct_predictions
/content/water_hyacinth_project/dataset/classification/non_water_hyacinth/_100_IMG_20230923_103514.jpg,non_water_hyacinth,non_water_hyacinth,0.9398080110549927,correct_predictions
/content/water_hyacinth_project/dataset/classification/water_hyacinth/_198_IMG_20230811_171935.jpg,water_hyacinth,water_hyacinth,0.999999463558197,correct_predictions
/content/water_hyacinth_project/dataset/classification/non_water_hyacinth/_480_augmented_image_496.jpg,non_water_hyacinth,non_water_hyacinth,0.9999896883964539,correct_predictions
/content/water_hyacinth_project/dataset/classification/non_water_hyacinth/_676_augmented_image_312.jpg,non_water_hyacinth,non_water_hyacinth,0.9999812841415405,correct_predictions
/content/water_hyacinth_project/dataset/classification/non_water_hyacinth/_646_augmented_image_139.jpg,non_water_hyacinth,non_water_hyacinth,0.9999892115592957,correct_predictions
/content/water_hyacinth_project/dataset/classification/non_water_hyacinth/_116_IMG_20230814_174222.jpg,non_water_hyacinth,non_water_hyacinth,0.9999780654907227,correct_predictions
/content/water_hyacinth_project/dataset/classification/water_hyacinth/_23_augmented_image_451.jpg,water_hyacinth,water_hyacinth,1.0,correct_predictions
/content/water_hyacinth_project/dataset/classification/non_water_hyacinth/_170_augmented_image_223.jpg,non_water_hyacinth,non_water_hyacinth,0.9998769760131836,correct_predictions
/content/water_hyacinth_project/dataset/classification/non_water_hyacinth/_984_augmented_image_318.jpg,non_water_hyacinth,non_water_hyacinth,0.9999785423278809,correct_predictions
/content/water_hyacinth_project/dataset/classification/non_water_hyacinth/_122_IMG_20230926_173218.jpg,non_water_hyacinth,non_water_hyacinth,1.0,correct_predictions
/content/water_hyacinth_project/dataset/classification/non_water_hyacinth/_310_IMG_20230926_173237.jpg,non_water_hyacinth,non_water_hyacinth,0.9999992847442627,correct_predictions
/content/water_hyacinth_project/dataset/classification/non_water_hyacinth/_197_20230818_114707.jpg,non_water_hyacinth,non_water_hyacinth,0.999998927116394,correct_predictions
/content/water_hyacinth_project/dataset/classification/non_water_hyacinth/_346_IMG_20230811_170356.jpg,non_water_hyacinth,non_water_hyacinth,0.9988765716552734,correct_predictions
/content/water_hyacinth_project/dataset/classification/non_water_hyacinth/_446_20230818_115209.jpg,non_water_hyacinth,non_water_hyacinth,0.9999922513961792,correct_predictions
/content/water_hyacinth_project/dataset/classification/water_hyacinth/_1167_augmented_image_938.jpg,water_hyacinth,water_hyacinth,0.9996795654296875,correct_predictions
/content/water_hyacinth_project/dataset/classification/non_water_hyacinth/_13_IMG_20230814_175824.jpg,non_water_hyacinth,non_water_hyacinth,0.9999998807907104,correct_predictions
/content/water_hyacinth_project/dataset/classification/water_hyacinth/_313_20230812_113957 Background Removed.jpg,water_hyacinth,water_hyacinth,0.9999036192893982,correct_predictions
/content/water_hyacinth_project/dataset/classification/non_water_hyacinth/_924_augmented_image_116.jpg,non_water_hyacinth,non_water_hyacinth,0.9999988079071045,correct_predictions
/content/water_hyacinth_project/dataset/classification/water_hyacinth/_1378_augmented_image_311.jpg,water_hyacinth,water_hyacinth,1.0,correct_predictions
/content/water_hyacinth_project/dataset/classification/non_water_hyacinth/_393_augmented_image_685.jpg,non_water_hyacinth,non_water_hyacinth,0.9999987483024597,correct_predictions
/content/water_hyacinth_project/dataset/classification/non_water_hyacinth/_280_augmented_image_2.jpg,non_water_hyacinth,non_water_hyacinth,0.9999825954437256,correct_predictions
/content/water_hyacinth_project/dataset/classification/non_water_hyacinth/_834_augmented_image_219.jpg,non_water_hyacinth,non_water_hyacinth,0.9999995231628418,correct_predictions
/content/water_hyacinth_project/dataset/classification/water_hyacinth/_448_augmented_image_233.jpg,water_hyacinth,water_hyacinth,1.0,correct_predictions
/content/water_hyacinth_project/dataset/classification/non_water_hyacinth/_192_IMG_20230923_100916.jpg,non_water_hyacinth,non_water_hyacinth,0.9999677538871765,correct_predictions
/content/water_hyacinth_project/dataset/classification/water_hyacinth/_339_IMG_20230805_184858.jpg,water_hyacinth,water_hyacinth,0.8099890947341919,correct_predictions
/content/water_hyacinth_project/dataset/classification/non_water_hyacinth/_231_20230818_115304.jpg,non_water_hyacinth,non_water_hyacinth,0.9999909400939941,correct_predictions
/content/water_hyacinth_project/dataset/classification/non_water_hyacinth/_268_20230818_114819.jpg,non_water_hyacinth,non_water_hyacinth,0.9999957084655762,correct_predictions
/content/water_hyacinth_project/dataset/classification/non_water_hyacinth/_122_IMG_20230811_165258.jpg,non_water_hyacinth,non_water_hyacinth,0.9999998807907104,correct_predictions
/content/water_hyacinth_project/dataset/classification/non_water_hyacinth/_68_augmented_image_812.jpg,non_water_hyacinth,non_water_hyacinth,0.9999913573265076,correct_predictions
/content/water_hyacinth_project/dataset/classification/non_water_hyacinth/_148_IMG_20230923_105327.jpg,non_water_hyacinth,non_water_hyacinth,0.9999982714653015,correct_predictions
/content/water_hyacinth_project/dataset/classification/non_water_hyacinth/_265_IMG_20230923_100303.jpg,non_water_hyacinth,non_water_hyacinth,0.9999827742576599,correct_predictions
/content/water_hyacinth_project/dataset/classification/non_water_hyacinth/_258_augmented_image_710.jpg,non_water_hyacinth,non_water_hyacinth,0.9996399879455566,correct_predictions
/content/water_hyacinth_project/dataset/classification/non_water_hyacinth/_657_augmented_image_278.jpg,non_water_hyacinth,non_water_hyacinth,0.9954277873039246,correct_predictions
/content/water_hyacinth_project/dataset/classification/non_water_hyacinth/_33_augmented_image_133.jpg,non_water_hyacinth,non_water_hyacinth,0.999991774559021,correct_predictions
/content/water_hyacinth_project/dataset/classification/non_water_hyacinth/_762_augmented_image_728.jpg,non_water_hyacinth,non_water_hyacinth,0.999954104423523,correct_predictions
/content/water_hyacinth_project/dataset/classification/non_water_hyacinth/_200_IMG_20230926_173040.jpg,non_water_hyacinth,non_water_hyacinth,0.9973936080932617,correct_predictions
/content/water_hyacinth_project/dataset/classification/non_water_hyacinth/_250_IMG_20230923_112130.jpg,non_water_hyacinth,non_water_hyacinth,0.9992930293083191,correct_predictions
/content/water_hyacinth_project/dataset/classification/non_water_hyacinth/_205_augmented_image_641.jpg,non_water_hyacinth,non_water_hyacinth,0.999997615814209,correct_predictions
/content/water_hyacinth_project/dataset/classification/non_water_hyacinth/_170_20230818_112709.jpg,non_water_hyacinth,non_water_hyacinth,1.0,correct_predictions
/content/water_hyacinth_project/dataset/classification/non_water_hyacinth/_642_augmented_image_507.jpg,non_water_hyacinth,non_water_hyacinth,0.9999405145645142,correct_predictions
/content/water_hyacinth_project/dataset/classification/non_water_hyacinth/_339_IMG_20230811_165315.jpg,non_water_hyacinth,non_water_hyacinth,0.9976636171340942,correct_predictions
/content/water_hyacinth_project/dataset/classification/non_water_hyacinth/_660_augmented_image_155.jpg,non_water_hyacinth,non_water_hyacinth,0.999996542930603,correct_predictions
/content/water_hyacinth_project/dataset/classification/non_water_hyacinth/_529_augmented_image_5.jpg,non_water_hyacinth,non_water_hyacinth,0.9999756813049316,correct_predictions
/content/water_hyacinth_project/dataset/classification/non_water_hyacinth/_729_augmented_image_893.jpg,non_water_hyacinth,non_water_hyacinth,0.996483325958252,correct_predictions
/content/water_hyacinth_project/dataset/classification/non_water_hyacinth/_448_IMG_20230926_173048.jpg,non_water_hyacinth,non_water_hyacinth,0.9999998807907104,correct_predictions
/content/water_hyacinth_project/dataset/classification/non_water_hyacinth/_163_augmented_image_880.jpg,non_water_hyacinth,non_water_hyacinth,0.9999854564666748,correct_predictions
/content/water_hyacinth_project/dataset/classification/non_water_hyacinth/_430_IMG_20230926_173524.jpg,non_water_hyacinth,non_water_hyacinth,0.9999997615814209,correct_predictions
/content/water_hyacinth_project/dataset/classification/non_water_hyacinth/_252_augmented_image_733.jpg,non_water_hyacinth,non_water_hyacinth,0.9999865293502808,correct_predictions
/content/water_hyacinth_project/dataset/classification/water_hyacinth/_4837_IMG_20230805_184903.jpg,water_hyacinth,water_hyacinth,0.8731702566146851,correct_predictions
/content/water_hyacinth_project/dataset/classification/non_water_hyacinth/_278_20230818_114807.jpg,non_water_hyacinth,non_water_hyacinth,0.9998797178268433,correct_predictions
/content/water_hyacinth_project/dataset/classification/water_hyacinth/_1772_augmented_image_885.jpg,water_hyacinth,water_hyacinth,0.9999978542327881,correct_predictions
/content/water_hyacinth_project/dataset/classification/water_hyacinth/_1743_augmented_image_763.jpg,water_hyacinth,water_hyacinth,0.999976634979248,correct_predictions
/content/water_hyacinth_project/dataset/classification/non_water_hyacinth/_403_augmented_image_915.jpg,non_water_hyacinth,non_water_hyacinth,0.9999788999557495,correct_predictions
/content/water_hyacinth_project/dataset/classification/water_hyacinth/_659_augmented_image_996.jpg,water_hyacinth,water_hyacinth,0.9999994039535522,correct_predictions
/content/water_hyacinth_project/dataset/classification/water_hyacinth/_443_augmented_image_279.jpg,water_hyacinth,water_hyacinth,0.9999731779098511,correct_predictions
/content/water_hyacinth_project/dataset/classification/non_water_hyacinth/_520_augmented_image_877.jpg,non_water_hyacinth,non_water_hyacinth,0.9892329573631287,correct_predictions
/content/water_hyacinth_project/dataset/classification/non_water_hyacinth/_207_augmented_image_403.jpg,non_water_hyacinth,non_water_hyacinth,0.9999997019767761,correct_predictions
/content/water_hyacinth_project/dataset/classification/water_hyacinth/_4868_20230812_115007 Background Removed.jpg,water_hyacinth,water_hyacinth,0.9999744892120361,correct_predictions
/content/water_hyacinth_project/dataset/classification/non_water_hyacinth/_565_augmented_image_235.jpg,non_water_hyacinth,non_water_hyacinth,0.999997615814209,correct_predictions
/content/water_hyacinth_project/dataset/classification/non_water_hyacinth/_121_IMG_20230811_164546.jpg,non_water_hyacinth,non_water_hyacinth,0.9999171495437622,correct_predictions
/content/water_hyacinth_project/dataset/classification/non_water_hyacinth/_611_augmented_image_971.jpg,non_water_hyacinth,non_water_hyacinth,0.9999973177909851,correct_predictions
/content/water_hyacinth_project/dataset/classification/water_hyacinth/_4777_IMG_20230814_180757.jpg,water_hyacinth,water_hyacinth,0.9999982714653015,correct_predictions
/content/water_hyacinth_project/dataset/classification/water_hyacinth/_4822_IMG_20230811_172441.jpg,water_hyacinth,water_hyacinth,0.9999987483024597,correct_predictions
/content/water_hyacinth_project/dataset/classification/non_water_hyacinth/_387_augmented_image_391.jpg,non_water_hyacinth,non_water_hyacinth,0.999998927116394,correct_predictions
/content/water_hyacinth_project/dataset/classification/water_hyacinth/_981_augmented_image_38.jpg,water_hyacinth,water_hyacinth,0.9999997615814209,correct_predictions
/content/water_hyacinth_project/dataset/classification/water_hyacinth/_1996_augmented_image_111.jpg,water_hyacinth,water_hyacinth,0.9999825358390808,correct_predictions
/content/water_hyacinth_project/dataset/classification/non_water_hyacinth/_7_augmented_image_992.jpg,non_water_hyacinth,non_water_hyacinth,0.9999990463256836,correct_predictions
/content/water_hyacinth_project/dataset/classification/non_water_hyacinth/_1023_augmented_image_811.jpg,non_water_hyacinth,non_water_hyacinth,1.0,correct_predictions
/content/water_hyacinth_project/dataset/classification/non_water_hyacinth/_317_augmented_image_1034.jpg,non_water_hyacinth,non_water_hyacinth,0.9999988079071045,correct_predictions
/content/water_hyacinth_project/dataset/classification/non_water_hyacinth/_340_IMG_20230923_105508.jpg,non_water_hyacinth,non_water_hyacinth,0.9999465942382812,correct_predictions
/content/water_hyacinth_project/dataset/classification/water_hyacinth/_287_IMG_20230811_173144.jpg,water_hyacinth,water_hyacinth,0.9999920129776001,correct_predictions
/content/water_hyacinth_project/dataset/classification/non_water_hyacinth/_363_IMG_20230926_173530.jpg,non_water_hyacinth,non_water_hyacinth,0.9957197904586792,correct_predictions
/content/water_hyacinth_project/dataset/classification/non_water_hyacinth/_205_IMG_20230814_175827.jpg,non_water_hyacinth,non_water_hyacinth,0.999997615814209,correct_predictions
/content/water_hyacinth_project/dataset/classification/non_water_hyacinth/_858_augmented_image_627.jpg,non_water_hyacinth,non_water_hyacinth,0.9999634623527527,correct_predictions
/content/water_hyacinth_project/dataset/classification/non_water_hyacinth/_203_IMG_20230814_175818.jpg,non_water_hyacinth,non_water_hyacinth,0.9999884366989136,correct_predictions
/content/water_hyacinth_project/dataset/classification/non_water_hyacinth/_885_augmented_image_114.jpg,non_water_hyacinth,non_water_hyacinth,0.9999954700469971,correct_predictions
/content/water_hyacinth_project/dataset/classification/non_water_hyacinth/_264_augmented_image_187.jpg,non_water_hyacinth,non_water_hyacinth,0.9998817443847656,correct_predictions
/content/water_hyacinth_project/dataset/classification/non_water_hyacinth/_772_augmented_image_194.jpg,non_water_hyacinth,non_water_hyacinth,0.9995301961898804,correct_predictions
/content/water_hyacinth_project/dataset/classification/non_water_hyacinth/_338_20230818_114904.jpg,non_water_hyacinth,non_water_hyacinth,0.9998248815536499,correct_predictions
/content/water_hyacinth_project/dataset/classification/water_hyacinth/_532_augmented_image_667.jpg,water_hyacinth,water_hyacinth,0.9997227191925049,correct_predictions
/content/water_hyacinth_project/dataset/classification/non_water_hyacinth/_843_augmented_image_808.jpg,non_water_hyacinth,non_water_hyacinth,0.9999918937683105,correct_predictions
/content/water_hyacinth_project/dataset/classification/non_water_hyacinth/_53_IMG_20230926_173141.jpg,non_water_hyacinth,non_water_hyacinth,0.9999822378158569,correct_predictions
/content/water_hyacinth_project/dataset/classification/water_hyacinth/_1240_augmented_image_575.jpg,water_hyacinth,water_hyacinth,0.9989103078842163,correct_predictions
/content/water_hyacinth_project/dataset/classification/non_water_hyacinth/_77_augmented_image_822.jpg,non_water_hyacinth,non_water_hyacinth,0.9999892115592957,correct_predictions
/content/water_hyacinth_project/dataset/classification/water_hyacinth/_194_IMG_20230805_185332.jpg,non_water_hyacinth,water_hyacinth,0.7422006130218506,false_negatives
/content/water_hyacinth_project/dataset/classification/non_water_hyacinth/_1049_augmented_image_236.jpg,non_water_hyacinth,non_water_hyacinth,0.9998850226402283,correct_predictions
/content/water_hyacinth_project/dataset/classification/non_water_hyacinth/_828_augmented_image_614.jpg,non_water_hyacinth,non_water_hyacinth,0.9995967745780945,correct_predictions
/content/water_hyacinth_project/dataset/classification/water_hyacinth/_515_augmented_image_855.jpg,water_hyacinth,water_hyacinth,0.9999486207962036,correct_predictions
/content/water_hyacinth_project/dataset/classification/non_water_hyacinth/_22_IMG_20230926_173718.jpg,non_water_hyacinth,non_water_hyacinth,0.9999915361404419,correct_predictions
/content/water_hyacinth_project/dataset/classification/non_water_hyacinth/_500_augmented_image_202.jpg,non_water_hyacinth,non_water_hyacinth,0.9999990463256836,correct_predictions
/content/water_hyacinth_project/dataset/classification/water_hyacinth/_450_augmented_image_475.jpg,water_hyacinth,water_hyacinth,0.9999770522117615,correct_predictions
/content/water_hyacinth_project/dataset/classification/water_hyacinth/_4702_IMG_20230804_090414.jpg,water_hyacinth,water_hyacinth,0.9999998807907104,correct_predictions
/content/water_hyacinth_project/dataset/classification/water_hyacinth/_1653_augmented_image_829.jpg,non_water_hyacinth,water_hyacinth,0.562606930732727,false_negatives
/content/water_hyacinth_project/dataset/classification/water_hyacinth/_255_augmented_image_735.jpg,water_hyacinth,water_hyacinth,0.9999866485595703,correct_predictions
/content/water_hyacinth_project/dataset/classification/water_hyacinth/_521_augmented_image_350.jpg,water_hyacinth,water_hyacinth,0.99900883436203,correct_predictions
/content/water_hyacinth_project/dataset/classification/water_hyacinth/_1900_augmented_image_556.jpg,water_hyacinth,water_hyacinth,0.9999999403953552,correct_predictions
/content/water_hyacinth_project/dataset/classification/non_water_hyacinth/_996_augmented_image_786.jpg,non_water_hyacinth,non_water_hyacinth,0.9999119639396667,correct_predictions
/content/water_hyacinth_project/dataset/classification/non_water_hyacinth/_1021_augmented_image_514.jpg,non_water_hyacinth,non_water_hyacinth,0.9999963641166687,correct_predictions
/content/water_hyacinth_project/dataset/classification/non_water_hyacinth/_246_IMG_20230811_165136.jpg,non_water_hyacinth,non_water_hyacinth,0.999992847442627,correct_predictions
/content/water_hyacinth_project/dataset/classification/water_hyacinth/_1154_augmented_image_869.jpg,water_hyacinth,water_hyacinth,0.9997153282165527,correct_predictions
/content/water_hyacinth_project/dataset/classification/non_water_hyacinth/_1008_augmented_image_10.jpg,non_water_hyacinth,non_water_hyacinth,0.9978222846984863,correct_predictions
/content/water_hyacinth_project/dataset/classification/non_water_hyacinth/_31_20230818_112651.jpg,non_water_hyacinth,non_water_hyacinth,1.0,correct_predictions
/content/water_hyacinth_project/dataset/classification/non_water_hyacinth/_93_IMG_20230923_101625.jpg,non_water_hyacinth,non_water_hyacinth,0.9998792409896851,correct_predictions
/content/water_hyacinth_project/dataset/classification/non_water_hyacinth/_338_augmented_image_790.jpg,non_water_hyacinth,non_water_hyacinth,0.9935907125473022,correct_predictions
/content/water_hyacinth_project/dataset/classification/water_hyacinth/_223_IMG_20230805_183343.jpg,water_hyacinth,water_hyacinth,1.0,correct_predictions
/content/water_hyacinth_project/dataset/classification/non_water_hyacinth/_634_augmented_image_831.jpg,non_water_hyacinth,non_water_hyacinth,0.9999973773956299,correct_predictions
/content/water_hyacinth_project/dataset/classification/water_hyacinth/_311_IMG_20230804_090633.jpg,water_hyacinth,water_hyacinth,1.0,correct_predictions
/content/water_hyacinth_project/dataset/classification/water_hyacinth/_294_IMG_20230814_210203.jpg,water_hyacinth,water_hyacinth,0.8927778005599976,correct_predictions
/content/water_hyacinth_project/dataset/classification/water_hyacinth/_101_IMG_20230805_183755.jpg,non_water_hyacinth,water_hyacinth,0.6098031401634216,false_negatives
/content/water_hyacinth_project/dataset/classification/non_water_hyacinth/_33_IMG_20230923_111728.jpg,non_water_hyacinth,non_water_hyacinth,0.998614490032196,correct_predictions
/content/water_hyacinth_project/dataset/classification/water_hyacinth/_385_IMG_20230811_163341.jpg,water_hyacinth,water_hyacinth,0.9999954104423523,correct_predictions
/content/water_hyacinth_project/dataset/classification/non_water_hyacinth/_240_IMG_20230814_203158.jpg,non_water_hyacinth,non_water_hyacinth,1.0,correct_predictions
/content/water_hyacinth_project/dataset/classification/non_water_hyacinth/_361_IMG_20230923_112356.jpg,non_water_hyacinth,non_water_hyacinth,0.999992847442627,correct_predictions
/content/water_hyacinth_project/dataset/classification/water_hyacinth/_1664_augmented_image_765.jpg,water_hyacinth,water_hyacinth,0.9999892115592957,correct_predictions
/content/water_hyacinth_project/dataset/classification/non_water_hyacinth/_285_20230818_113859.jpg,non_water_hyacinth,non_water_hyacinth,0.9999522566795349,correct_predictions
/content/water_hyacinth_project/dataset/classification/non_water_hyacinth/_235_IMG_20230814_203906.jpg,non_water_hyacinth,non_water_hyacinth,0.9999866485595703,correct_predictions
/content/water_hyacinth_project/dataset/classification/water_hyacinth/_932_augmented_image_784.jpg,water_hyacinth,water_hyacinth,0.9999915957450867,correct_predictions
/content/water_hyacinth_project/dataset/classification/water_hyacinth/_1259_augmented_image_476.jpg,water_hyacinth,water_hyacinth,0.9999873042106628,correct_predictions
/content/water_hyacinth_project/dataset/classification/non_water_hyacinth/_204_IMG_20230814_175914.jpg,non_water_hyacinth,non_water_hyacinth,0.9877499938011169,correct_predictions
/content/water_hyacinth_project/dataset/classification/non_water_hyacinth/_1028_augmented_image_541.jpg,non_water_hyacinth,non_water_hyacinth,0.9999784231185913,correct_predictions
/content/water_hyacinth_project/dataset/classification/non_water_hyacinth/_83_IMG_20230811_170829.jpg,non_water_hyacinth,non_water_hyacinth,0.9999971389770508,correct_predictions
/content/water_hyacinth_project/dataset/classification/water_hyacinth/_4562_IMG_20230805_182245 Background Removed.jpg,water_hyacinth,water_hyacinth,0.9998806715011597,correct_predictions
/content/water_hyacinth_project/dataset/classification/non_water_hyacinth/_247_IMG_20230923_101203.jpg,non_water_hyacinth,non_water_hyacinth,0.9998644590377808,correct_predictions
/content/water_hyacinth_project/dataset/classification/non_water_hyacinth/_101_IMG_20230811_170221.jpg,non_water_hyacinth,non_water_hyacinth,0.9999040365219116,correct_predictions
/content/water_hyacinth_project/dataset/classification/water_hyacinth/_238_IMG_20230811_165441.jpg,water_hyacinth,water_hyacinth,0.9996782541275024,correct_predictions
/content/water_hyacinth_project/dataset/classification/water_hyacinth/_1778_augmented_image_582.jpg,water_hyacinth,water_hyacinth,0.9999959468841553,correct_predictions
/content/water_hyacinth_project/dataset/classification/water_hyacinth/_920_augmented_image_167.jpg,water_hyacinth,water_hyacinth,0.9996590614318848,correct_predictions
/content/water_hyacinth_project/dataset/classification/non_water_hyacinth/_673_augmented_image_980.jpg,non_water_hyacinth,non_water_hyacinth,0.9999949336051941,correct_predictions
/content/water_hyacinth_project/dataset/classification/non_water_hyacinth/_51_IMG_20230811_164508.jpg,non_water_hyacinth,non_water_hyacinth,0.9999936819076538,correct_predictions
/content/water_hyacinth_project/dataset/classification/water_hyacinth/_210_IMG_20230814_210636 - Copy.jpg,water_hyacinth,water_hyacinth,0.9999970197677612,correct_predictions
/content/water_hyacinth_project/dataset/classification/water_hyacinth/_502_augmented_image_709.jpg,water_hyacinth,water_hyacinth,1.0,correct_predictions
/content/water_hyacinth_project/dataset/classification/non_water_hyacinth/_456_augmented_image_661.jpg,non_water_hyacinth,non_water_hyacinth,0.9997575283050537,correct_predictions
/content/water_hyacinth_project/dataset/classification/non_water_hyacinth/_128_IMG_20230923_101050.jpg,non_water_hyacinth,non_water_hyacinth,0.9999854564666748,correct_predictions
/content/water_hyacinth_project/dataset/classification/non_water_hyacinth/_132_augmented_image_533.jpg,non_water_hyacinth,non_water_hyacinth,0.999820351600647,correct_predictions
/content/water_hyacinth_project/dataset/classification/water_hyacinth/_1814_augmented_image_979.jpg,water_hyacinth,water_hyacinth,0.9998722076416016,correct_predictions
/content/water_hyacinth_project/dataset/classification/non_water_hyacinth/_241_IMG_20230814_203815.jpg,non_water_hyacinth,non_water_hyacinth,1.0,correct_predictions
/content/water_hyacinth_project/dataset/classification/water_hyacinth/_1002_augmented_image_608.jpg,water_hyacinth,water_hyacinth,0.990175187587738,correct_predictions
/content/water_hyacinth_project/dataset/classification/water_hyacinth/_489_augmented_image_12.jpg,water_hyacinth,water_hyacinth,0.9358477592468262,correct_predictions
/content/water_hyacinth_project/dataset/classification/non_water_hyacinth/_173_augmented_image_62.jpg,non_water_hyacinth,non_water_hyacinth,0.9999992251396179,correct_predictions
/content/water_hyacinth_project/dataset/classification/water_hyacinth/_1542_augmented_image_576.jpg,water_hyacinth,water_hyacinth,0.8325169086456299,correct_predictions
/content/water_hyacinth_project/dataset/classification/water_hyacinth/_389_IMG_20230811_163346.jpg,water_hyacinth,water_hyacinth,0.9999974966049194,correct_predictions
/content/water_hyacinth_project/dataset/classification/non_water_hyacinth/_427_IMG_20230923_105652.jpg,non_water_hyacinth,non_water_hyacinth,0.9999994039535522,correct_predictions
/content/water_hyacinth_project/dataset/classification/non_water_hyacinth/_468_20230818_115131.jpg,non_water_hyacinth,non_water_hyacinth,0.9998158812522888,correct_predictions
/content/water_hyacinth_project/dataset/classification/water_hyacinth/_4564_IMG_20230811_173128.jpg,water_hyacinth,water_hyacinth,0.9998732805252075,correct_predictions
/content/water_hyacinth_project/dataset/classification/non_water_hyacinth/_396_IMG_20230811_165316.jpg,non_water_hyacinth,non_water_hyacinth,0.9992202520370483,correct_predictions
/content/water_hyacinth_project/dataset/classification/non_water_hyacinth/_650_augmented_image_625.jpg,non_water_hyacinth,non_water_hyacinth,0.9999947547912598,correct_predictions
/content/water_hyacinth_project/dataset/classification/non_water_hyacinth/_379_20230818_115037.jpg,non_water_hyacinth,non_water_hyacinth,0.9999968409538269,correct_predictions
/content/water_hyacinth_project/dataset/classification/non_water_hyacinth/_107_IMG_20230923_101555.jpg,non_water_hyacinth,non_water_hyacinth,0.9631602168083191,correct_predictions
/content/water_hyacinth_project/dataset/classification/non_water_hyacinth/_751_augmented_image_199.jpg,non_water_hyacinth,non_water_hyacinth,0.9998794794082642,correct_predictions
/content/water_hyacinth_project/dataset/classification/water_hyacinth/_1001_augmented_image_231.jpg,water_hyacinth,water_hyacinth,0.9999997019767761,correct_predictions
/content/water_hyacinth_project/dataset/classification/non_water_hyacinth/_92_augmented_image_521.jpg,non_water_hyacinth,non_water_hyacinth,0.9999632835388184,correct_predictions
/content/water_hyacinth_project/dataset/classification/water_hyacinth/_331_augmented_image_222.jpg,water_hyacinth,water_hyacinth,0.9999995231628418,correct_predictions
/content/water_hyacinth_project/dataset/classification/non_water_hyacinth/_281_augmented_image_1046.jpg,non_water_hyacinth,non_water_hyacinth,0.998051643371582,correct_predictions
/content/water_hyacinth_project/dataset/classification/non_water_hyacinth/_200_augmented_image_483.jpg,non_water_hyacinth,non_water_hyacinth,1.0,correct_predictions
/content/water_hyacinth_project/dataset/classification/non_water_hyacinth/_15_IMG_20230811_163722.jpg,non_water_hyacinth,non_water_hyacinth,0.9999974966049194,correct_predictions
/content/water_hyacinth_project/dataset/classification/non_water_hyacinth/_84_20230818_114757.jpg,non_water_hyacinth,non_water_hyacinth,0.9999866485595703,correct_predictions
/content/water_hyacinth_project/dataset/classification/water_hyacinth/_1810_augmented_image_818.jpg,water_hyacinth,water_hyacinth,0.9950593709945679,correct_predictions
/content/water_hyacinth_project/dataset/classification/non_water_hyacinth/_132_augmented_image_308.jpg,non_water_hyacinth,non_water_hyacinth,0.9931735992431641,correct_predictions
/content/water_hyacinth_project/dataset/classification/water_hyacinth/_423_augmented_image_944.jpg,non_water_hyacinth,water_hyacinth,0.6499695777893066,false_negatives
/content/water_hyacinth_project/dataset/classification/water_hyacinth/_701_augmented_image_153.jpg,water_hyacinth,water_hyacinth,0.9999997019767761,correct_predictions
/content/water_hyacinth_project/dataset/classification/water_hyacinth/_17_IMG_20230811_171915.jpg,water_hyacinth,water_hyacinth,0.9999998807907104,correct_predictions
/content/water_hyacinth_project/dataset/classification/non_water_hyacinth/_36_IMG_20230926_173055.jpg,non_water_hyacinth,non_water_hyacinth,1.0,correct_predictions
/content/water_hyacinth_project/dataset/classification/non_water_hyacinth/_402_IMG_20230811_163651.jpg,non_water_hyacinth,non_water_hyacinth,0.9993516802787781,correct_predictions
/content/water_hyacinth_project/dataset/classification/non_water_hyacinth/_430_augmented_image_700.jpg,non_water_hyacinth,non_water_hyacinth,0.9999998807907104,correct_predictions
/content/water_hyacinth_project/dataset/classification/water_hyacinth/_165_augmented_image_266.jpg,water_hyacinth,water_hyacinth,0.9999957084655762,correct_predictions
/content/water_hyacinth_project/dataset/classification/water_hyacinth/_4948_IMG_20230814_210144.jpg,water_hyacinth,water_hyacinth,0.9999422430992126,correct_predictions
/content/water_hyacinth_project/dataset/classification/non_water_hyacinth/_325_augmented_image_935.jpg,non_water_hyacinth,non_water_hyacinth,0.9959897398948669,correct_predictions
/content/water_hyacinth_project/dataset/classification/non_water_hyacinth/_361_augmented_image_513.jpg,non_water_hyacinth,non_water_hyacinth,0.9999963641166687,correct_predictions
/content/water_hyacinth_project/dataset/classification/water_hyacinth/_992_augmented_image_309.jpg,water_hyacinth,water_hyacinth,0.9999887347221375,correct_predictions
/content/water_hyacinth_project/dataset/classification/non_water_hyacinth/_518_augmented_image_965.jpg,non_water_hyacinth,non_water_hyacinth,0.999987006187439,correct_predictions
/content/water_hyacinth_project/dataset/classification/non_water_hyacinth/_234_augmented_image_180.jpg,non_water_hyacinth,non_water_hyacinth,0.999987781047821,correct_predictions
/content/water_hyacinth_project/dataset/classification/non_water_hyacinth/_177_IMG_20230923_103123.jpg,non_water_hyacinth,non_water_hyacinth,0.9863042831420898,correct_predictions
/content/water_hyacinth_project/dataset/classification/non_water_hyacinth/_227_IMG_20230814_204300.jpg,non_water_hyacinth,non_water_hyacinth,0.9999958872795105,correct_predictions
/content/water_hyacinth_project/dataset/classification/non_water_hyacinth/_905_augmented_image_394.jpg,non_water_hyacinth,non_water_hyacinth,0.9999999403953552,correct_predictions
/content/water_hyacinth_project/dataset/classification/non_water_hyacinth/_358_IMG_20230923_112333.jpg,non_water_hyacinth,non_water_hyacinth,0.9999990463256836,correct_predictions
/content/water_hyacinth_project/dataset/classification/non_water_hyacinth/_604_augmented_image_183.jpg,non_water_hyacinth,non_water_hyacinth,0.9989044666290283,correct_predictions
/content/water_hyacinth_project/dataset/classification/non_water_hyacinth/_220_20230812_114111.jpg,non_water_hyacinth,non_water_hyacinth,0.9999935030937195,correct_predictions
/content/water_hyacinth_project/dataset/classification/non_water_hyacinth/_802_augmented_image_801.jpg,non_water_hyacinth,non_water_hyacinth,0.9999864101409912,correct_predictions
/content/water_hyacinth_project/dataset/classification/water_hyacinth/_52_augmented_image_227.jpg,water_hyacinth,water_hyacinth,1.0,correct_predictions
/content/water_hyacinth_project/dataset/classification/non_water_hyacinth/_470_augmented_image_243.jpg,non_water_hyacinth,non_water_hyacinth,0.999998927116394,correct_predictions
/content/water_hyacinth_project/dataset/classification/water_hyacinth/_150_augmented_image_446.jpg,water_hyacinth,water_hyacinth,0.9990800619125366,correct_predictions
/content/water_hyacinth_project/dataset/classification/non_water_hyacinth/_434_IMG_20230811_165143.jpg,non_water_hyacinth,non_water_hyacinth,0.9999923706054688,correct_predictions
/content/water_hyacinth_project/dataset/classification/non_water_hyacinth/_252_augmented_image_603.jpg,non_water_hyacinth,non_water_hyacinth,1.0,correct_predictions
/content/water_hyacinth_project/dataset/classification/non_water_hyacinth/_265_augmented_image_759.jpg,non_water_hyacinth,non_water_hyacinth,1.0,correct_predictions
/content/water_hyacinth_project/dataset/classification/non_water_hyacinth/_498_augmented_image_468.jpg,non_water_hyacinth,non_water_hyacinth,0.9999839663505554,correct_predictions
/content/water_hyacinth_project/dataset/classification/non_water_hyacinth/_389_20230818_113815.jpg,non_water_hyacinth,non_water_hyacinth,0.9999790191650391,correct_predictions
/content/water_hyacinth_project/dataset/classification/non_water_hyacinth/_692_augmented_image_988.jpg,non_water_hyacinth,non_water_hyacinth,0.9999985098838806,correct_predictions
/content/water_hyacinth_project/dataset/classification/non_water_hyacinth/_761_augmented_image_302.jpg,non_water_hyacinth,non_water_hyacinth,0.9999885559082031,correct_predictions
/content/water_hyacinth_project/dataset/classification/water_hyacinth/_956_augmented_image_377.jpg,water_hyacinth,water_hyacinth,0.9882692098617554,correct_predictions
/content/water_hyacinth_project/dataset/classification/water_hyacinth/_1559_augmented_image_107.jpg,water_hyacinth,water_hyacinth,0.9912711977958679,correct_predictions
/content/water_hyacinth_project/dataset/classification/non_water_hyacinth/_317_IMG_20230811_165138.jpg,non_water_hyacinth,non_water_hyacinth,0.9999913573265076,correct_predictions
/content/water_hyacinth_project/dataset/classification/water_hyacinth/_231_20230812_115006(0) Background Removed.jpg,water_hyacinth,water_hyacinth,0.999288022518158,correct_predictions
/content/water_hyacinth_project/dataset/classification/non_water_hyacinth/_447_20230818_115021.jpg,non_water_hyacinth,non_water_hyacinth,0.9999969005584717,correct_predictions
/content/water_hyacinth_project/dataset/classification/non_water_hyacinth/_185_augmented_image_370.jpg,non_water_hyacinth,non_water_hyacinth,0.9999436736106873,correct_predictions
/content/water_hyacinth_project/dataset/classification/non_water_hyacinth/_68_IMG_20230811_170101.jpg,non_water_hyacinth,non_water_hyacinth,0.9999972581863403,correct_predictions
/content/water_hyacinth_project/dataset/classification/water_hyacinth/_4585_IMG_20230814_180631.jpg,water_hyacinth,water_hyacinth,0.9999921321868896,correct_predictions
/content/water_hyacinth_project/dataset/classification/non_water_hyacinth/_249_IMG_20230923_111634.jpg,non_water_hyacinth,non_water_hyacinth,0.9999994039535522,correct_predictions
/content/water_hyacinth_project/dataset/classification/non_water_hyacinth/_232_augmented_image_282.jpg,non_water_hyacinth,non_water_hyacinth,0.999886155128479,correct_predictions
/content/water_hyacinth_project/dataset/classification/non_water_hyacinth/_417_IMG_20230923_105726.jpg,non_water_hyacinth,non_water_hyacinth,1.0,correct_predictions
/content/water_hyacinth_project/dataset/classification/water_hyacinth/_635_augmented_image_404.jpg,water_hyacinth,water_hyacinth,1.0,correct_predictions
/content/water_hyacinth_project/dataset/classification/water_hyacinth/_793_augmented_image_635.jpg,water_hyacinth,water_hyacinth,0.9999989867210388,correct_predictions
/content/water_hyacinth_project/dataset/classification/water_hyacinth/_1233_augmented_image_174.jpg,water_hyacinth,water_hyacinth,0.9999990463256836,correct_predictions
/content/water_hyacinth_project/dataset/classification/non_water_hyacinth/_80_20230811_211457.jpg,non_water_hyacinth,non_water_hyacinth,0.9999630451202393,correct_predictions
/content/water_hyacinth_project/dataset/classification/non_water_hyacinth/_218_20230811_211210.jpg,non_water_hyacinth,non_water_hyacinth,0.9999939799308777,correct_predictions
/content/water_hyacinth_project/dataset/classification/non_water_hyacinth/_452_IMG_20230814_202548.jpg,non_water_hyacinth,non_water_hyacinth,0.9999281167984009,correct_predictions
/content/water_hyacinth_project/dataset/classification/non_water_hyacinth/_734_augmented_image_660.jpg,non_water_hyacinth,non_water_hyacinth,0.9999629855155945,correct_predictions
/content/water_hyacinth_project/dataset/classification/non_water_hyacinth/_128_IMG_20230811_170842.jpg,non_water_hyacinth,non_water_hyacinth,0.999995231628418,correct_predictions
/content/water_hyacinth_project/dataset/classification/non_water_hyacinth/_385_augmented_image_510.jpg,non_water_hyacinth,non_water_hyacinth,0.9999699592590332,correct_predictions
/content/water_hyacinth_project/dataset/classification/non_water_hyacinth/_611_augmented_image_437.jpg,non_water_hyacinth,non_water_hyacinth,0.9999992251396179,correct_predictions
/content/water_hyacinth_project/dataset/classification/water_hyacinth/_1577_augmented_image_672.jpg,water_hyacinth,water_hyacinth,0.9999955892562866,correct_predictions
/content/water_hyacinth_project/dataset/classification/non_water_hyacinth/_858_augmented_image_827.jpg,non_water_hyacinth,non_water_hyacinth,1.0,correct_predictions
/content/water_hyacinth_project/dataset/classification/non_water_hyacinth/_214_IMG_20230923_111904.jpg,non_water_hyacinth,non_water_hyacinth,1.0,correct_predictions
/content/water_hyacinth_project/dataset/classification/non_water_hyacinth/_273_augmented_image_80.jpg,non_water_hyacinth,non_water_hyacinth,0.9999975562095642,correct_predictions
/content/water_hyacinth_project/dataset/classification/water_hyacinth/_374_augmented_image_554.jpg,water_hyacinth,water_hyacinth,0.9973730444908142,correct_predictions
/content/water_hyacinth_project/dataset/classification/non_water_hyacinth/_105_augmented_image_427.jpg,non_water_hyacinth,non_water_hyacinth,0.9999071359634399,correct_predictions
/content/water_hyacinth_project/dataset/classification/water_hyacinth/_305_IMG_20230805_185140.jpg,water_hyacinth,water_hyacinth,0.9995228052139282,correct_predictions
/content/water_hyacinth_project/dataset/classification/non_water_hyacinth/_688_augmented_image_746.jpg,non_water_hyacinth,non_water_hyacinth,0.9997949004173279,correct_predictions
/content/water_hyacinth_project/dataset/classification/non_water_hyacinth/_232_IMG_20230811_170412.jpg,non_water_hyacinth,non_water_hyacinth,0.9999081492424011,correct_predictions
/content/water_hyacinth_project/dataset/classification/non_water_hyacinth/_416_augmented_image_73.jpg,non_water_hyacinth,non_water_hyacinth,0.9999847412109375,correct_predictions
/content/water_hyacinth_project/dataset/classification/non_water_hyacinth/_73_augmented_image_853.jpg,non_water_hyacinth,non_water_hyacinth,0.9999953508377075,correct_predictions
/content/water_hyacinth_project/dataset/classification/non_water_hyacinth/_288_IMG_20230923_100322.jpg,non_water_hyacinth,non_water_hyacinth,0.9999825358390808,correct_predictions
/content/water_hyacinth_project/dataset/classification/non_water_hyacinth/_265_20230818_114920.jpg,non_water_hyacinth,non_water_hyacinth,0.999610185623169,correct_predictions
/content/water_hyacinth_project/dataset/classification/non_water_hyacinth/_153_IMG_20230923_105827.jpg,non_water_hyacinth,non_water_hyacinth,1.0,correct_predictions
/content/water_hyacinth_project/dataset/classification/non_water_hyacinth/_877_augmented_image_181.jpg,non_water_hyacinth,non_water_hyacinth,0.9999991655349731,correct_predictions
/content/water_hyacinth_project/dataset/classification/water_hyacinth/_204_IMG_20230805_184945.jpg,water_hyacinth,water_hyacinth,0.9999958276748657,correct_predictions
/content/water_hyacinth_project/dataset/classification/non_water_hyacinth/_471_augmented_image_584.jpg,non_water_hyacinth,non_water_hyacinth,0.9999954104423523,correct_predictions
/content/water_hyacinth_project/dataset/classification/water_hyacinth/_4924_IMG_20230805_183623.jpg,water_hyacinth,water_hyacinth,0.9999420046806335,correct_predictions
/content/water_hyacinth_project/dataset/classification/non_water_hyacinth/_130_20230811_211255.jpg,non_water_hyacinth,non_water_hyacinth,0.9999874830245972,correct_predictions
/content/water_hyacinth_project/dataset/classification/non_water_hyacinth/_371_IMG_20230923_101205.jpg,non_water_hyacinth,non_water_hyacinth,0.9999977946281433,correct_predictions
